{"cameraMode":{"drawMode":0,"name":"Shaded","section":"Shading Mode"},"sceneLighting":true,"audioPlay":false,"sceneViewState":{"showFog":true,"showMaterialUpdate":false,"showSkybox":true,"showFlares":true,"showImageEffects":true,"showParticleSystems":true},"in2DMode":false,"pivot":{"x":27.640121459960939,"y":0.8761550188064575,"z":28.063600540161134},"rotation":{"x":-0.11036478728055954,"y":0.4589931070804596,"z":-0.05758972093462944,"w":-0.8796848654747009},"size":1.3470667600631714,"orthographic":false}