{"cameraMode":{"drawMode":0,"name":"Shaded","section":"Shading Mode"},"sceneLighting":true,"audioPlay":false,"sceneViewState":{"showFog":true,"showMaterialUpdate":false,"showSkybox":true,"showFlares":true,"showImageEffects":true,"showParticleSystems":true},"in2DMode":false,"pivot":{"x":27.300628662109376,"y":0.7657663226127625,"z":30.308422088623048},"rotation":{"x":-0.04133737459778786,"y":-0.1282244473695755,"z":-0.005329354666173458,"w":0.9909023642539978},"size":2.1745593547821047,"orthographic":false}